Workbook

Sheet 평가 입력
A1: 월드비전 AI 최종 테스트 평가 입력
A2: 점수 입력은 0/1/2점 기준이며, 응답시간은 초 단위로 입력하면 자동 환산됩니다. 표현 변형 대응은 8~9번, 답변 불가 처리는 10번만 채점합니다.
A3: 1회차
A4: No. | B4: 질문 유형 | C4: 테스트 질문 | D4: 정답 근거 | E4: 표현 변형 대응 (0~2) | F4: 검색 정확도 (0~2) | G4: 답변 정확도 (0~2) | H4: 근거 충실도 (0~2) | I4: 답변 완전성 (0~2) | J4: 답변 불가 처리 (0~2) | K4: 응답 시간(초) | L4: 응답시간 점수 (0~5) | M4: 평가 메모 | O4: 평가 영역 | P4: 평가 항목 | Q4: 배점 | R4: 1회차 | S4: 2회차 | T4: 3회차 | U4: 평균
A5: 1 | B5: 단순 사실형 | C5: 질문1 | D5: 2025년 월드비전 연차 보고서 p.3 | E5: - | F5: 2 | G5: 2 | H5: 2 | I5: 2 | J5: - | K5: 7.89 | L5: =IF(K5="","",IF(K5<=5,5,IF(K5<=8,4,IF(K5<=12,3,IF(K5<=15,2,IF(K5<=20,1,0)))))) -> 4 | M5: 국제사업 임팩트 리포트 기준 52개국·259개 사업으로 응답. 연차보고서 기준값(53개국·325개 사업)과 집계 범위가 다르나 검색된 문서 근거와 일치하여 정답으로 인정. | O5: 검색 성능 | P5: 검색 정확도 | Q5: 20 | R5: 14.44 | S5: 14.44 | T5: 14.44 | U5: =AVERAGE(R5:T5) -> 14.44
A6: 2 | B6: 단순 사실형 | C6: 질문2 | D6: 2025년 월드비전 국제사업 임팩트 리포트 p.5 | E6: - | F6: 2 | G6: 2 | H6: 2 | I6: 2 | J6: - | K6: 3.28 | L6: =IF(K6="","",IF(K6<=5,5,IF(K6<=8,4,IF(K6<=12,3,IF(K6<=15,2,IF(K6<=20,1,0)))))) -> 5 | M6: 국제사업 총 수혜자 수 7,331,669명을 정확히 제시하였으며, 아동·성인 수혜자 세부 수치까지 포함하여 기대 답변과 일치함. | O6: 답변 품질 | P6: 답변 정확도 | Q6: 20 | R6: 11.11 | S6: 11.11 | T6: 11.11 | U6: =AVERAGE(R6:T6) -> 11.11
A7: 3 | B7: 절차형 | C7: 질문3 | D7: 2025년 월드비전 연차 보고서 p.7 | E7: - | F7: 1 | G7: 1 | H7: 1 | I7: 0 | J7: - | K7: 3.66 | L7: =IF(K7="","",IF(K7<=5,5,IF(K7<=8,4,IF(K7<=12,3,IF(K7<=15,2,IF(K7<=20,1,0)))))) -> 5 | M7: 교육 관련 지원 내용을 제시하고 연차보고서를 참고문서로 검색했으나, p.7의 핵심 근거인 학습환경 개선·교사 역량 강화·교육자료 개발 및 보급을 답변에 포함하지 못함. 관련성은 있으나 기대 답변 3개와의 일치도가 낮아 부분 점수 부여. | P7: 근거 충실도 | Q7: 15 | R7: 14.17 | S7: 14.17 | T7: 14.17 | U7: =AVERAGE(R7:T7) -> 14.17
A8: 4 | B8: 조건 기준형 | C8: 질문4 | D8: 2025년 월드비전 국제사업 임팩트 리포트 p.21 | E8: - | F8: 1 | G8: 0 | H8: 2 | I8: 0 | J8: - | K8: 2.49 | L8: =IF(K8="","",IF(K8<=5,5,IF(K8<=8,4,IF(K8<=12,3,IF(K8<=15,2,IF(K8<=20,1,0)))))) -> 5 | M8: 정답 근거 문서인 국제사업 임팩트 리포트는 검색되었으나, 문서 내 존재하는 ‘지역 주민의 90%가 집에서 왕복 30분 이내 안전한 식수를 이용할 수 있는 상태’라는 핵심 근거를 검색·답변하지 못함. 임의의 정보를 생성하지 않고 답변 불가 처리하여 환각은 발생하지 않음. | P8: 답변 완전성 | Q8: 15 | R8: 7.5 | S8: 7.5 | T8: 7.5 | U8: =AVERAGE(R8:T8) -> 7.5
A9: 5 | B9: 조건 기준형 | C9: 질문5 | D9: 2025년 월드비전 국제사업 임팩트 리포트 p.20 | E9: - | F9: 2 | G9: 2 | H9: 2 | I9: 2 | J9: - | K9: 2.64 | L9: =IF(K9="","",IF(K9<=5,5,IF(K9<=8,4,IF(K9<=12,3,IF(K9<=15,2,IF(K9<=20,1,0)))))) -> 5 | M9: 밥피어스아너클럽의 고액기부자 기준을 ‘1억 원 이상’으로 정확하게 제시하여 기대 답변과 일치함. 관련 근거 문서를 검색하여 답변함. | O9: 안정성 | P9: 답변 불가 처리 | Q9: 15 | R9: 15 | S9: 15 | T9: 15 | U9: =AVERAGE(R9:T9) -> 15
A10: 6 | B10: 비교 복합형 | C10: 질문6 | D10: 2025년 월드비전 연차 보고서 p.4 | E10: - | F10: 1 | G10: 1 | H10: 2 | I10: 1 | J10: - | K10: 2.42 | L10: =IF(K10="","",IF(K10<=5,5,IF(K10<=8,4,IF(K10<=12,3,IF(K10<=15,2,IF(K10<=20,1,0)))))) -> 5 | M10: 국제사업 수혜자 7,331,669명은 정확히 제시했으나 국내사업 수혜자 1,065,252명을 검색하지 못함. 이에 따라 두 사업의 수치를 모두 제시해야 하는 비교 질문을 부분적으로만 충족했으며, 국내사업 수치 없이 국제사업이 더 많다고 결론지어 부분 점수 부여. | O10: 강건성 | P10: 표현 변형 대응 | Q10: 10 | R10: 7.5 | S10: 7.5 | T10: 7.5 | U10: =AVERAGE(R10:T10) -> 7.5
A11: 7 | B11: 비교 복합형 | C11: 질문7 | D11: 제62기 사회복지법인 월드비전 재무제표 감사보고서 p.9 | E11: - | F11: 1 | G11: 0 | H11: 2 | I11: 0 | J11: - | K11: 2.05 | L11: =IF(K11="","",IF(K11<=5,5,IF(K11<=8,4,IF(K11<=12,3,IF(K11<=15,2,IF(K11<=20,1,0)))))) -> 5 | M11: 관련 재무 문서는 검색되었으나, 사업수익 356,944,656,338원과 사업비용 365,713,280,474원의 비교 근거를 검색하지 못함. 사업수익 대신 다른 총수입 수치를 제시하고 사업비용은 확인하지 못해 비교 질문에 답하지 못함. 임의의 사업비용을 생성하지 않은 점에서 근거 밖 정보 생성은 없음. | O11: 성능 | P11: 응답 시간 | Q11: 5 | R11: 4.9 | S11: 5 | T11: 5 | U11: =AVERAGE(R11:T11) -> 4.9666667
A12: 8 | B12: 표현 변형형 | C12: 질문8 | D12: 2025년 월드비전 연차 보고서 p.4 | E12: 1 | F12: 1 | G12: 0 | H12: 2 | I12: 0 | J12: - | K12: 2.13 | L12: =IF(K12="","",IF(K12<=5,5,IF(K12<=8,4,IF(K12<=12,3,IF(K12<=15,2,IF(K12<=20,1,0)))))) -> 5 | M12: ‘해외’라는 표현을 월드비전의 해외·국제 활동 맥락으로 인식하여 관련 문서를 검색했으나, 기대 답변인 국제사업 수혜자 7,331,669명이 아닌 전체 사업 기준 약 986만 명을 제시함. 표현 변형의 의미는 부분적으로 인식했으나 적절한 수혜자 지표 선택에 실패하여 부분 점수 부여. | O12: 합계 | Q12: 100 | R12: =SUM(R5:R11) -> 74.62 | S12: =SUM(S5:S11) -> 74.72 | T12: =SUM(T5:T11) -> 74.72 | U12: =SUM(U5:U11) -> 74.686667
A13: 9 | B13: 표현 변형형 | C13: 질문9 | D13: 2025년 월드비전 국제사업 임팩트 리포트 p.11 | E13: 2 | F13: 2 | G13: 2 | H13: 2 | I13: 2 | J13: - | K13: 2.53 | L13: =IF(K13="","",IF(K13<=5,5,IF(K13<=8,4,IF(K13<=12,3,IF(K13<=15,2,IF(K13<=20,1,0)))))) -> 5 | M13: ‘땅을 다시 살리는 활동’이라는 표현을 토지 회복 활동으로 적절히 해석하고, 주민주도 천연갱신(FMNR) 및 생태계 보전을 통한 토지 회복 내용을 정확하게 제시함. 기대 답변과 일치하며 관련 근거 문서를 적절히 검색함.
A14: 10 | B14: 답변 불가형 | C14: 질문10 | D14: 제공된 자료에서 확인되지 않음 | E14: - | F14: 2 | G14: 2 | H14: 2 | I14: 2 | J14: 2 | K14: 1.57 | L14: =IF(K14="","",IF(K14<=5,5,IF(K14<=8,4,IF(K14<=12,3,IF(K14<=15,2,IF(K14<=20,1,0)))))) -> 5 | M14: 제공된 문서에서 직원 평균 연봉 정보를 확인할 수 없다고 명확하게 답변함. 문서에 존재하지 않는 정보를 임의로 생성하지 않아 답변 불가 처리가 적절하게 수행됨.
A15: 2회차
A16: No. | B16: 질문 유형 | C16: 테스트 질문 | D16: 정답 근거 | E16: 표현 변형 대응 (0~2) | F16: 검색 정확도 (0~2) | G16: 답변 정확도 (0~2) | H16: 근거 충실도 (0~2) | I16: 답변 완전성 (0~2) | J16: 답변 불가 처리 (0~2) | K16: 응답 시간(초) | L16: 응답시간 점수 (0~5) | M16: 평가 메모
A17: 1 | B17: 단순 사실형 | C17: 질문1 | D17: 2025년 월드비전 연차 보고서 p.3 | E17: - | F17: 2 | G17: 2 | H17: 2 | I17: 2 | J17: - | K17: 1.83 | L17: =IF(K17="","",IF(K17<=5,5,IF(K17<=8,4,IF(K17<=12,3,IF(K17<=15,2,IF(K17<=20,1,0)))))) -> 5
A18: 2 | B18: 단순 사실형 | C18: 질문2 | D18: 2025년 월드비전 국제사업 임팩트 리포트 p.5 | E18: - | F18: 2 | G18: 2 | H18: 2 | I18: 2 | J18: 2 | K18: 2.2 | L18: =IF(K18="","",IF(K18<=5,5,IF(K18<=8,4,IF(K18<=12,3,IF(K18<=15,2,IF(K18<=20,1,0)))))) -> 5
A19: 3 | B19: 절차형 | C19: 질문3 | D19: 2025년 월드비전 연차 보고서 p.7 | E19: - | F19: 1 | G19: 1 | H19: 1 | I19: 0 | J19: - | K19: 4.87 | L19: =IF(K19="","",IF(K19<=5,5,IF(K19<=8,4,IF(K19<=12,3,IF(K19<=15,2,IF(K19<=20,1,0)))))) -> 5
A20: 4 | B20: 조건 기준형 | C20: 질문4 | D20: 2025년 월드비전 국제사업 임팩트 리포트 p.21 | E20: - | F20: 1 | G20: 0 | H20: 2 | I20: 0 | J20: - | K20: 2.41 | L20: =IF(K20="","",IF(K20<=5,5,IF(K20<=8,4,IF(K20<=12,3,IF(K20<=15,2,IF(K20<=20,1,0)))))) -> 5
A21: 5 | B21: 조건 기준형 | C21: 질문5 | D21: 2025년 월드비전 국제사업 임팩트 리포트 p.20 | E21: - | F21: 2 | G21: 2 | H21: 2 | I21: 2 | J21: - | K21: 2.4 | L21: =IF(K21="","",IF(K21<=5,5,IF(K21<=8,4,IF(K21<=12,3,IF(K21<=15,2,IF(K21<=20,1,0)))))) -> 5
A22: 6 | B22: 비교 복합형 | C22: 질문6 | D22: 2025년 월드비전 연차 보고서 p.4 | E22: - | F22: 1 | G22: 1 | H22: 2 | I22: 1 | J22: - | K22: 2.63 | L22: =IF(K22="","",IF(K22<=5,5,IF(K22<=8,4,IF(K22<=12,3,IF(K22<=15,2,IF(K22<=20,1,0)))))) -> 5
A23: 7 | B23: 비교 복합형 | C23: 질문7 | D23: 제62기 사회복지법인 월드비전 재무제표 감사보고서 p.9 | E23: - | F23: 1 | G23: 0 | H23: 2 | I23: 0 | J23: - | K23: 3.72 | L23: =IF(K23="","",IF(K23<=5,5,IF(K23<=8,4,IF(K23<=12,3,IF(K23<=15,2,IF(K23<=20,1,0)))))) -> 5
A24: 8 | B24: 표현 변형형 | C24: 질문8 | D24: 2025년 월드비전 연차 보고서 p.4 | E24: 1 | F24: 1 | G24: 0 | H24: 2 | I24: 0 | J24: - | K24: 2.35 | L24: =IF(K24="","",IF(K24<=5,5,IF(K24<=8,4,IF(K24<=12,3,IF(K24<=15,2,IF(K24<=20,1,0)))))) -> 5
A25: 9 | B25: 표현 변형형 | C25: 질문9 | D25: 2025년 월드비전 국제사업 임팩트 리포트 p.11 | E25: 2 | F25: 2 | G25: 2 | H25: 2 | I25: 2 | J25: - | K25: 2.53 | L25: =IF(K25="","",IF(K25<=5,5,IF(K25<=8,4,IF(K25<=12,3,IF(K25<=15,2,IF(K25<=20,1,0)))))) -> 5
A26: 10 | B26: 답변 불가형 | C26: 질문10 | D26: 제공된 자료에서 확인되지 않음 | E26: - | F26: 2 | G26: 2 | H26: 2 | I26: 2 | J26: 2 | K26: 1.86 | L26: =IF(K26="","",IF(K26<=5,5,IF(K26<=8,4,IF(K26<=12,3,IF(K26<=15,2,IF(K26<=20,1,0)))))) -> 5
A27: 3회차
A28: No. | B28: 질문 유형 | C28: 테스트 질문 | D28: 정답 근거 | E28: 표현 변형 대응 (0~2) | F28: 검색 정확도 (0~2) | G28: 답변 정확도 (0~2) | H28: 근거 충실도 (0~2) | I28: 답변 완전성 (0~2) | J28: 답변 불가 처리 (0~2) | K28: 응답 시간(초) | L28: 응답시간 점수 (0~5) | M28: 평가 메모
A29: 1 | B29: 단순 사실형 | C29: 질문1 | D29: 2025년 월드비전 연차 보고서 p.3 | E29: - | F29: 2 | G29: 2 | H29: 2 | I29: 2 | J29: - | K29: 2.19 | L29: =IF(K29="","",IF(K29<=5,5,IF(K29<=8,4,IF(K29<=12,3,IF(K29<=15,2,IF(K29<=20,1,0)))))) -> 5
A30: 2 | B30: 단순 사실형 | C30: 질문2 | D30: 2025년 월드비전 국제사업 임팩트 리포트 p.5 | E30: - | F30: 2 | G30: 2 | H30: 2 | I30: 2 | J30: - | K30: 1.42 | L30: =IF(K30="","",IF(K30<=5,5,IF(K30<=8,4,IF(K30<=12,3,IF(K30<=15,2,IF(K30<=20,1,0)))))) -> 5
A31: 3 | B31: 절차형 | C31: 질문3 | D31: 2025년 월드비전 연차 보고서 p.7 | E31: - | F31: 1 | G31: 1 | H31: 1 | I31: 0 | J31: - | K31: 4.3 | L31: =IF(K31="","",IF(K31<=5,5,IF(K31<=8,4,IF(K31<=12,3,IF(K31<=15,2,IF(K31<=20,1,0)))))) -> 5
A32: 4 | B32: 조건 기준형 | C32: 질문4 | D32: 2025년 월드비전 국제사업 임팩트 리포트 p.21 | E32: - | F32: 1 | G32: 0 | H32: 2 | I32: 0 | J32: - | K32: 1.5 | L32: =IF(K32="","",IF(K32<=5,5,IF(K32<=8,4,IF(K32<=12,3,IF(K32<=15,2,IF(K32<=20,1,0)))))) -> 5
A33: 5 | B33: 조건 기준형 | C33: 질문5 | D33: 2025년 월드비전 국제사업 임팩트 리포트 p.20 | E33: - | F33: 2 | G33: 2 | H33: 2 | I33: 2 | J33: - | K33: 1.69 | L33: =IF(K33="","",IF(K33<=5,5,IF(K33<=8,4,IF(K33<=12,3,IF(K33<=15,2,IF(K33<=20,1,0)))))) -> 5
A34: 6 | B34: 비교 복합형 | C34: 질문6 | D34: 2025년 월드비전 연차 보고서 p.4 | E34: - | F34: 1 | G34: 1 | H34: 2 | I34: 1 | J34: - | K34: 2.1 | L34: =IF(K34="","",IF(K34<=5,5,IF(K34<=8,4,IF(K34<=12,3,IF(K34<=15,2,IF(K34<=20,1,0)))))) -> 5
A35: 7 | B35: 비교 복합형 | C35: 질문7 | D35: 제62기 사회복지법인 월드비전 재무제표 감사보고서 p.9 | E35: - | F35: 1 | G35: 0 | H35: 2 | I35: 0 | J35: - | K35: 1.77 | L35: =IF(K35="","",IF(K35<=5,5,IF(K35<=8,4,IF(K35<=12,3,IF(K35<=15,2,IF(K35<=20,1,0)))))) -> 5
A36: 8 | B36: 표현 변형형 | C36: 질문8 | D36: 2025년 월드비전 연차 보고서 p.4 | E36: 1 | F36: 1 | G36: 0 | H36: 2 | I36: 0 | J36: - | K36: 1.56 | L36: =IF(K36="","",IF(K36<=5,5,IF(K36<=8,4,IF(K36<=12,3,IF(K36<=15,2,IF(K36<=20,1,0)))))) -> 5
A37: 9 | B37: 표현 변형형 | C37: 질문9 | D37: 2025년 월드비전 국제사업 임팩트 리포트 p.11 | E37: 2 | F37: 2 | G37: 2 | H37: 2 | I37: 2 | J37: - | K37: 2.4 | L37: =IF(K37="","",IF(K37<=5,5,IF(K37<=8,4,IF(K37<=12,3,IF(K37<=15,2,IF(K37<=20,1,0)))))) -> 5
A38: 10 | B38: 답변 불가형 | C38: 질문10 | D38: 제공된 자료에서 확인되지 않음 | E38: - | F38: 2 | G38: 2 | H38: 2 | I38: 2 | J38: 2 | K38: 1.47 | L38: =IF(K38="","",IF(K38<=5,5,IF(K38<=8,4,IF(K38<=12,3,IF(K38<=15,2,IF(K38<=20,1,0)))))) -> 5

Sheet 결과 요약
A1: 월드비전 AI 최종 테스트 정량평가 요약
A3: 평가 영역 | B3: 배점 | C3: 원점수 평균 | D3: 환산 점수 | E3: 평가 대상 | F3: 설명
A4: 표현 변형 대응 | B4: 10 | C4: =IF(COUNT('평가 입력'!E12:E13)=0,"",AVERAGE('평가 입력'!E12:E13)) -> 1.5 | D4: =IF(C4="","",C4/2*B4) -> 7.5 | E4: 문항 8~9 | F4: 같은 의미를 다르게 표현해도 적절한 답변을 생성하는지 평가
A5: 검색 정확도 | B5: 20 | C5: =IF(COUNT('평가 입력'!F5:F13)=0,"",AVERAGE('평가 입력'!F5:F13)) -> 1.4444444 | D5: =IF(C5="","",C5/2*B5) -> 14.444444 | E5: 문항 1~9 | F5: 정답 근거 문서/페이지 및 핵심 근거 검색 여부
A6: 답변 품질 | B6: 50 | C6: =IF(COUNT('평가 입력'!G5:I13)=0,"",SUM('평가 입력'!G5:I13)/COUNT('평가 입력'!G5:I13)) -> 1.3333333 | D6: =IF(C6="","",C6/2*B6) -> 33.333333 | E6: 문항 1~9 | F6: 답변 정확도·근거 충실도·완전성 종합
A7: 답변 불가 처리 | B7: 15 | C7: =IF(COUNT('평가 입력'!J14)=0,"",'평가 입력'!J14) -> 2 | D7: =IF(C7="","",C7/2*B7) -> 15 | E7: 문항 10 | F7: 문서에 없는 내용을 추측하지 않고 답변 불가 처리하는지 평가
A8: 응답 시간 | B8: 5 | C8: =IF(COUNT('평가 입력'!L5:L14)=0,"",AVERAGE('평가 입력'!L5:L14)) -> 4.9 | D8: =IF(C8="","",C8/5*B8) -> 4.9 | E8: 문항 1~10 | F8: 응답시간 구간별 점수를 전체 문항 평균으로 반영
A10: 최종 점수 (100점 만점) | D10: =IF(COUNT(D4:D8)<5,"",SUM(D4:D8)) -> 75.177778
A12: 응답시간 점수 기준
A13: 5초 이하 | B13: 5초 초과~8초 이하 | C13: 8초 초과~12초 이하 | D13: 12초 초과~15초 이하 | E13: 15초 초과~20초 이하 | F13: 20초 초과
A14: 5점 | B14: 4점 | C14: 3점 | D14: 2점 | E14: 1점 | F14: 0점

Sheet 채점 기준
A1: 최종 테스트 채점 기준
A3: 평가 항목 | B3: 점수 | C3: 기준 | D3: 비고
A4: 답변 정확도 | B4: 2 | C4: 기준 답안과 핵심 내용 일치
A5: 답변 정확도 | B5: 1 | C5: 대체로 정확하지만 일부 오류/누락
A6: 답변 정확도 | B6: 0 | C6: 핵심 내용이 틀림
A7: 근거 충실도 | B7: 2 | C7: 답변 전체가 문서 근거로 확인됨
A8: 근거 충실도 | B8: 1 | C8: 일부만 근거로 확인됨
A9: 근거 충실도 | B9: 0 | C9: 근거가 없거나 문서와 모순
A10: 답변 완전성 | B10: 2 | C10: 필수 요소 모두 포함
A11: 답변 완전성 | B11: 1 | C11: 일부 요소 누락
A12: 답변 완전성 | B12: 0 | C12: 핵심 요소 대부분 누락
A13: 답변 불가 처리 | B13: 2 | C13: 정확하게 답변 불가 처리 | D13: 문항 10
A14: 답변 불가 처리 | B14: 1 | C14: 답변 불가라고 했지만 일부 추측 포함 | D14: 문항 10
A15: 답변 불가 처리 | B15: 0 | C15: 없는 정보를 사실처럼 답변 | D15: 문항 10
A16: 검색 정확도 | B16: 2 | C16: 정답 근거 문서/페이지가 검색되고 핵심 근거가 정확히 포함됨
A17: 검색 정확도 | B17: 1 | C17: 관련 근거는 검색됐으나 핵심 근거가 일부 부족하거나 정확한 페이지를 찾지 못함
A18: 검색 정확도 | B18: 0 | C18: 정답과 관련된 근거를 검색하지 못함
A19: 표현 변형 대응 | B19: 2 | C19: 변형된 표현에도 기준 답안과 동등한 수준으로 답변 | D19: 문항 8~9
A20: 표현 변형 대응 | B20: 1 | C20: 의도는 파악했으나 답변 일부 누락/저하 | D20: 문항 8~9
A21: 표현 변형 대응 | B21: 0 | C21: 표현 변형으로 인해 의도 파악 또는 답변에 실패 | D21: 문항 8~9
A24: 응답시간 환산 기준
A25: 응답 시간 | B25: 점수
A26: 5초 이하 | B26: 5
A27: 5초 초과 ~ 8초 이하 | B27: 4
A28: 8초 초과 ~ 12초 이하 | B28: 3
A29: 12초 초과 ~ 15초 이하 | B29: 2
A30: 15초 초과 ~ 20초 이하 | B30: 1
A31: 20초 초과 | B31: 0
